﻿designator,quantity,value,pack,mpn,mount_type
"D1, D2, D3, D4, D5, D6",6,LED,LED_D5.0mm,,tht
"G001, G002",2,LOGO,LOGO,,tht
J1,1,Power,PinHeader_1x08_P2.54mm_Vertical,,tht
J2,1,Digital/PWM,PinHeader_1x10_P2.54mm_Vertical,,tht
J3,1,Analog,PinHeader_1x06_P2.54mm_Vertical,,tht
J4,1,Digital/PWM,PinHeader_1x08_P2.54mm_Vertical,,tht
"J5, J6",2,Screw_Terminal_01x06,"TerminalBlock_Phoenix_PT-1,5-6-3.5-H_1x06_P3.50mm_Horizontal",,tht
"MH1, MH2, MH4",3,MountingHole_3.2mm,MountingHole_3.2mm,,tht
RN1,1,R_Network08,R_Array_SIP9,,tht
"SW10, SW11, SW12, SW13, SW8, SW9",6,SW_Push,SW_PUSH_6mm,,tht
