﻿pos_x,pos_y,rotation,side,designator,mpn,pack,value,mount_type,place
14.205,22.805,0.0,top,D1,,LED_D5.0mm,LED,tht,True
23.342,22.805,0.0,top,D2,,LED_D5.0mm,LED,tht,True
32.479,22.805,0.0,top,D3,,LED_D5.0mm,LED,tht,True
41.616,22.805,0.0,top,D4,,LED_D5.0mm,LED,tht,True
50.753,22.805,0.0,top,D5,,LED_D5.0mm,LED,tht,True
59.89,22.805,0.0,top,D6,,LED_D5.0mm,LED,tht,True
30.48,26.34,0.0,top,G001,,LOGO,LOGO,tht,False
57.277,6.274,0.0,top,G002,,LOGO,LOGO,tht,False
27.94,2.54,-90.0,bottom,J1,,PinHeader_1x08_P2.54mm_Vertical,Power,tht,True
18.796,50.8,-90.0,bottom,J2,,PinHeader_1x10_P2.54mm_Vertical,Digital/PWM,tht,True
50.8,2.54,-90.0,bottom,J3,,PinHeader_1x06_P2.54mm_Vertical,Analog,tht,True
45.72,50.8,-90.0,bottom,J4,,PinHeader_1x08_P2.54mm_Vertical,Digital/PWM,tht,True
5.207,20.2,-90.0,top,J5,,"TerminalBlock_Phoenix_PT-1,5-6-3.5-H_1x06_P3.50mm_Horizontal",Screw_Terminal_01x06,tht,True
5.207,50.754,-90.0,top,J6,,"TerminalBlock_Phoenix_PT-1,5-6-3.5-H_1x06_P3.50mm_Horizontal",Screw_Terminal_01x06,tht,True
15.24,50.8,0.0,top,MH1,,MountingHole_3.2mm,MountingHole_3.2mm,tht,False
13.97,2.54,0.0,top,MH2,,MountingHole_3.2mm,MountingHole_3.2mm,tht,False
66.04,7.62,0.0,top,MH4,,MountingHole_3.2mm,MountingHole_3.2mm,tht,False
27.432,13.894,0.0,top,RN1,,R_Array_SIP9,R_Network08,tht,True
31.606,37.59,90.0,top,SW10,,SW_PUSH_6mm,SW_Push,tht,True
40.633,37.59,90.0,top,SW11,,SW_PUSH_6mm,SW_Push,tht,True
49.66,37.59,90.0,top,SW12,,SW_PUSH_6mm,SW_Push,tht,True
58.687,37.59,90.0,top,SW13,,SW_PUSH_6mm,SW_Push,tht,True
13.552,37.59,90.0,top,SW8,,SW_PUSH_6mm,SW_Push,tht,True
22.579,37.59,90.0,top,SW9,,SW_PUSH_6mm,SW_Push,tht,True
